,index
0,26
1,89
2,96
3,98
4,101
5,107
6,108
7,110
8,114
9,124
10,130
11,137
12,150
13,156
14,180
15,184
16,186
17,205
18,207
19,209
20,217
21,222
22,234
23,246
24,248
25,278
26,282
27,283
28,315
29,317
30,322
31,343
32,346
33,349
34,360
35,366
36,369
37,370
38,375
39,383
40,394
41,401
42,402
43,404
44,414
45,428
46,432
47,438
48,476
49,484
50,504
51,510
52,520
53,525
54,526
55,532
56,535
57,544
58,550
59,556
60,569
61,587
62,629
63,642
64,647
65,654
66,667
67,674
68,676
69,679
70,680
71,716
72,731
73,764
74,767
75,796
76,801
77,830
78,836
79,840
80,850
81,863
82,867
83,874
84,901
85,902
86,908
87,915
88,919
89,936
90,957
91,966
92,974
93,978
94,1005
95,1015
96,1020
97,1024
98,1026
99,1028
100,1046
101,1056
102,1071
103,1078
104,1087
105,1097
106,1118
107,1124
108,1139
109,1140
110,1150
111,1169
112,1180
113,1184
114,1185
115,1198
116,1227
117,1232
118,1234
119,1237
120,1242
121,1258
122,1283
123,1285
124,1292
125,1293
126,1308
127,1320
128,1333
129,1334
130,1351
131,1366
132,1388
133,1393
134,1394
135,1407
136,1430
137,1435
138,1440
139,1457
140,1466
141,1467
142,1468
143,1480
144,1484
145,1503
146,1552
147,1566
148,1585
149,1589
150,1614
151,1623
152,1627
153,1640
154,1643
155,1650
156,1664
157,1682
158,1717
159,1718
160,1721
161,1725
162,1730
163,1737
164,1748
165,1752
166,1777
167,1783
168,1788
169,1797
170,1805
171,1808
172,1809
173,1816
174,1846
175,1854
176,1864
177,1877
178,1895
179,1898
180,1906
181,1916
182,1946
183,1953
184,1963
185,1988
186,1992
187,1996
188,2004
189,2012
190,2068
191,2077
192,2084
193,2094
194,2101
195,2104
196,2115
197,2127
198,2135
199,2141
200,2150
201,2164
202,2167
203,2168
204,2177
205,2185
206,2192
207,2200
208,2220
209,2221
210,2225
211,2232
212,2242
213,2262
214,2267
215,2274
216,2278
217,2280
218,2287
219,2293
220,2296
221,2315
222,2319
223,2330
224,2332
225,2335
226,2347
227,2355
228,2362
229,2370
230,2381
231,2387
232,2415
233,2423
234,2438
235,2452
236,2474
237,2483
238,2491
239,2498
240,2502
241,2539
242,2543
243,2559
244,2574
245,2582
246,2587
247,2591
248,2620
249,2622
250,2632
251,2662
252,2664
253,2668
254,2670
255,2673
256,2685
257,2689
258,2692
259,2696
260,2698
261,2706
262,2728
263,2735
264,2736
265,2748
266,2759
267,2762
268,2774
269,2779
270,2782
271,2785
272,2817
273,2824
274,2826
275,2837
276,2846
277,2870
278,2877
279,2880
280,2887
281,2902
282,2905
283,2906
284,2907
285,2908
286,2926
287,2944
288,2957
289,2958
290,2971
291,2996
292,2998
293,3020
294,3032
295,3040
296,3041
297,3056
298,3062
299,3078
300,3091
301,3099
302,3103
303,3104
304,3110
305,3118
306,3119
307,3122
308,3128
309,3132
310,3147
311,3148
312,3152
313,3153
314,3155
315,3168
316,3171
317,3173
318,3177
319,3178
320,3187
321,3209
322,3221
323,3230
324,3231
325,3240
326,3248
327,3272
328,3273
329,3284
330,3287
331,3288
332,3312
333,3318
334,3322
335,3323
336,3350
337,3356
338,3357
339,3370
340,3372
341,3393
342,3424
343,3425
344,3432
345,3447
346,3449
347,3460
348,3461
349,3472
350,3478
351,3480
352,3489
353,3490
354,3494
355,3497
356,3501
357,3520
358,3525
359,3535
360,3552
361,3554
362,3556
363,3559
364,3572
365,3587
366,3599
367,3603
368,3626
369,3639
370,3642
371,3652
372,3657
373,3669
374,3671
375,3672
376,3681
377,3728
378,3730
379,3732
380,3753
381,3756
382,3777
383,3792
384,3806
385,3807
386,3813
387,3863
388,3871
389,3878
390,3883
391,3888
392,3892
393,3921
394,3953
395,3955
396,3962
397,3963
398,3967
399,3978
400,3980
401,3990
402,3995
403,3999
404,4014
405,4021
406,4030
407,4050
408,4056
409,4059
410,4068
411,4096
412,4103
413,4132
414,4136
415,4139
416,4140
417,4142
418,4143
419,4156
420,4158
421,4162
422,4171
423,4183
424,4196
425,4200
426,4202
427,4217
428,4218
429,4230
430,4247
431,4254
432,4260
433,4265
434,4267
435,4274
436,4291
437,4299
438,4302
439,4304
440,4307
441,4314
442,4331
443,4332
444,4336
445,4343
446,4349
447,4352
448,4357
449,4388
450,4390
451,4404
452,4405
453,4425
454,4428
455,4430
456,4440
457,4455
458,4480
459,4486
460,4512
461,4527
462,4532
463,4535
464,4553
465,4556
466,4559
467,4564
468,4565
469,4568
470,4569
471,4575
472,4577
473,4584
474,4594
475,4604
476,4626
477,4630
478,4640
479,4645
480,4650
481,4652
482,4655
483,4660
484,4667
485,4703
486,4706
487,4729
488,4731
489,4734
490,4746
491,4752
492,4768
493,4791
494,4797
495,4802
496,4806
497,4808
498,4826
499,4832
500,4833
501,4839
502,4842
503,4860
504,4865
505,4867
506,4875
507,4879
508,4880
509,4887
510,4912
511,4921
512,4938
513,4942
514,4946
515,4963
516,4972
517,4976
518,5007
519,5011
520,5027
521,5035
522,5055
523,5059
524,5060
525,5063
526,5074
527,5080
528,5093
529,5094
530,5095
531,5105
532,5108
533,5128
534,5129
535,5138
536,5164
537,5178
538,5179
539,5185
540,5186
541,5189
542,5192
543,5197
544,5213
545,5219
546,5222
547,5224
548,5228
549,5229
550,5233
551,5240
552,5253
553,5266
554,5282
555,5296
556,5307
557,5317
558,5330
559,5334
560,5347
561,5352
562,5359
563,5372
564,5388
565,5391
566,5398
567,5401
568,5411
569,5417
570,5421
571,5450
572,5463
573,5466
574,5471
575,5472
576,5481
577,5483
578,5493
579,5523
580,5524
581,5533
582,5537
583,5549
584,5554
585,5562
586,5572
587,5587
588,5628
589,5632
590,5637
591,5643
592,5650
593,5679
594,5687
595,5697
596,5717
597,5719
598,5726
599,5740
600,5745
601,5749
602,5750
603,5764
604,5765
605,5769
606,5770
607,5778
608,5790
609,5796
610,5798
611,5805
612,5828
613,5832
614,5833
615,5866
616,5907
617,5912
618,5914
619,5915
620,5926
621,5929
622,5931
623,5942
624,5954
625,5957
626,5977
627,5983
628,5986
629,5995
630,6004
631,6007
632,6010
633,6020
634,6028
635,6034
636,6035
637,6078
638,6086
639,6095
640,6102
641,6115
642,6126
643,6135
644,6152
645,6165
646,6170
647,6199
648,6205
649,6207
650,6212
651,6228
652,6236
653,6256
654,6274
655,6280
656,6283
657,6290
658,6301
659,6308
660,6315
661,6319
662,6349
663,6354
664,6368
665,6388
666,6404
667,6406
668,6430
669,6431
670,6434
671,6438
672,6445
673,6495
674,6507
675,6516
676,6542
677,6557
678,6560
679,6575
680,6579
681,6580
682,6586
683,6596
684,6598
685,6608
686,6623
687,6633
688,6646
689,6660
690,6662
691,6664
692,6668
693,6669
694,6671
695,6673
696,6690
697,6701
698,6702
699,6703
700,6709
701,6737
702,6741
703,6767
704,6774
705,6787
706,6801
707,6803
708,6824
709,6854
710,6894
711,6896
712,6897
713,6900
714,6903
715,6906
716,6913
717,6914
718,6920
719,6924
720,6934
721,6970
722,6986
723,6987
724,6988
725,7006
726,7009
727,7011
728,7019
729,7030
730,7049
731,7056
732,7064
733,7067
734,7098
735,7132
736,7139
737,7146
738,7165
739,7169
740,7174
741,7177
742,7180
743,7195
744,7199
745,7222
746,7225
747,7229
748,7243
749,7251
750,7252
751,7260
752,7261
753,7262
754,7277
755,7287
756,7299
757,7305
758,7315
759,7319
760,7322
761,7323
762,7329
763,7336
764,7350
765,7358
766,7364
767,7393
768,7397
769,7398
770,7402
771,7417
772,7433
773,7435
774,7437
775,7440
776,7442
777,7448
778,7452
779,7476
780,7485
781,7490
782,7491
783,7517
784,7519
785,7534
786,7536
787,7541
788,7552
789,7581
790,7582
791,7598
792,7600
793,7607
794,7612
795,7622
796,7635
797,7637
798,7641
799,7643
800,7651
801,7653
802,7657
803,7672
804,7675
805,7678
806,7690
807,7703
808,7704
809,7707
810,7722
811,7728
812,7734
813,7736
814,7760
815,7770
816,7771
817,7802
818,7807
819,7809
820,7850
821,7851
822,7855
823,7859
824,7876
825,7881
826,7896
827,7903
828,7904
829,7911
830,7913
831,7930
832,7931
833,7932
834,7946
835,7952
836,7958
837,7967
838,7976
839,7981
840,7986
841,7987
842,7989
843,7994
844,8031
845,8035
846,8063
847,8065
848,8116
849,8117
850,8152
851,8155
852,8156
853,8157
854,8163
855,8170
856,8171
857,8180
858,8197
859,8225
860,8232
861,8263
862,8269
863,8278
864,8307
865,8313
866,8323
867,8324
868,8332
869,8336
870,8339
871,8353
872,8378
873,8384
874,8397
875,8399
876,8404
877,8433
878,8448
879,8450
880,8463
881,8471
882,8473
883,8498
884,8500
885,8509
886,8526
887,8541
888,8546
889,8547
890,8550
891,8552
892,8554
893,8564
894,8575
895,8579
896,8598
897,8604
898,8624
899,8632
900,8646
901,8655
902,8656
903,8658
904,8677
905,8682
906,8702
907,8706
908,8709
909,8715
910,8722
911,8730
912,8742
913,8744
914,8766
915,8782
916,8805
917,8806
918,8814
919,8820
920,8823
921,8825
922,8826
923,8852
924,8867
925,8868
926,8875
927,8885
928,8900
929,8912
930,8915
931,8917
932,8926
933,8928
934,8954
935,8956
936,8960
937,8963
938,8992
939,8994
940,9010
941,9013
942,9014
943,9108
944,9129
945,9132
946,9163
947,9164
948,9175
949,9181
950,9187
951,9201
952,9205
953,9209
954,9224
955,9234
956,9235
957,9244
958,9257
959,9260
960,9265
961,9267
962,9268
963,9275
964,9280
965,9290
966,9315
967,9319
968,9324
969,9334
970,9341
971,9360
972,9363
973,9391
974,9394
975,9399
976,9404
977,9416
978,9434
979,9453
980,9464
981,9483
982,9496
983,9498
984,9505
985,9509
986,9513
987,9528
988,9530
989,9543
990,9548
991,9554
992,9582
993,9591
994,9604
995,9607
996,9621
997,9634
998,9640
999,9646
1000,9656
1001,9660
1002,9670
1003,9677
1004,9684
1005,9686
1006,9723
1007,9733
1008,9737
1009,9741
1010,9749
1011,9768
1012,9773
1013,9778
1014,9788
1015,9791
1016,9797
1017,9816
1018,9830
1019,9841
1020,9844
1021,9857
1022,9862
1023,9895
1024,9915
1025,9917
1026,9925
1027,9927
1028,9936
1029,9941
1030,9944
1031,9946
1032,9981
